Scenario,carWidth,carLength,ratioAutonomousCars,viewLength,actPeriod,Driver,Route,DrivingTime
nl.rug.dmas.trafficdemo.Scenario@368b33e8(seed: 1445321695090),1.47-2.55,2.54-6.0,0.8000001,4.0-12.0,100.0,HumanDriver,From 0 to 3,29.966366
nl.rug.dmas.trafficdemo.Scenario@368b33e8(seed: 1445321695090),1.47-2.55,2.54-6.0,0.8000001,4.0-12.0,100.0,HumanDriver,From 0 to 3,29.54969
nl.rug.dmas.trafficdemo.Scenario@368b33e8(seed: 1445321695090),1.47-2.55,2.54-6.0,0.8000001,4.0-12.0,100.0,AutonomousDriver,From 0 to 3,29.099674
nl.rug.dmas.trafficdemo.Scenario@13e4318d(seed: 1445321694407),1.47-2.55,2.54-6.0,0.1,4.0-12.0,100.0,HumanDriver,From 1 to 3,26.183002
nl.rug.dmas.trafficdemo.Scenario@13e4318d(seed: 1445321694407),1.47-2.55,2.54-6.0,0.1,4.0-12.0,100.0,HumanDriver,From 0 to 3,32.183
nl.rug.dmas.trafficdemo.Scenario@13e4318d(seed: 1445321694407),1.47-2.55,2.54-6.0,0.1,4.0-12.0,100.0,HumanDriver,From 0 to 3,30.666319
nl.rug.dmas.trafficdemo.Scenario@13e4318d(seed: 1445321694407),1.47-2.55,2.54-6.0,0.1,4.0-12.0,100.0,HumanDriver,From 0 to 3,30.516287
nl.rug.dmas.trafficdemo.Scenario@13e4318d(seed: 1445321694407),1.47-2.55,2.54-6.0,0.1,4.0-12.0,100.0,HumanDriver,From 0 to 3,30.782907
nl.rug.dmas.trafficdemo.Scenario@13e4318d(seed: 1445321694407),1.47-2.55,2.54-6.0,0.1,4.0-12.0,100.0,HumanDriver,From 0 to 3,33.699486
nl.rug.dmas.trafficdemo.Scenario@13e4318d(seed: 1445321694407),1.47-2.55,2.54-6.0,0.1,4.0-12.0,100.0,HumanDriver,From 0 to 3,32.782833
nl.rug.dmas.trafficdemo.Scenario@13e4318d(seed: 1445321694407),1.47-2.55,2.54-6.0,0.1,4.0-12.0,100.0,HumanDriver,From 0 to 3,31.099525
nl.rug.dmas.trafficdemo.Scenario@13e4318d(seed: 1445321694407),1.47-2.55,2.54-6.0,0.1,4.0-12.0,100.0,HumanDriver,From 0 to 3,32.032845
nl.rug.dmas.trafficdemo.Scenario@13e4318d(seed: 1445321694407),1.47-2.55,2.54-6.0,0.1,4.0-12.0,100.0,AutonomousDriver,From 1 to 3,40.482716
nl.rug.dmas.trafficdemo.Scenario@13e4318d(seed: 1445321694407),1.47-2.55,2.54-6.0,0.1,4.0-12.0,100.0,HumanDriver,From 0 to 3,37.03277
nl.rug.dmas.trafficdemo.Scenario@13e4318d(seed: 1445321694407),1.47-2.55,2.54-6.0,0.1,4.0-12.0,100.0,HumanDriver,From 0 to 3,35.81612
nl.rug.dmas.trafficdemo.Scenario@13e4318d(seed: 1445321694407),1.47-2.55,2.54-6.0,0.1,4.0-12.0,100.0,HumanDriver,From 0 to 3,35.249462
nl.rug.dmas.trafficdemo.Scenario@13e4318d(seed: 1445321694407),1.47-2.55,2.54-6.0,0.1,4.0-12.0,100.0,HumanDriver,From 0 to 3,34.51614
nl.rug.dmas.trafficdemo.Scenario@13e4318d(seed: 1445321694407),1.47-2.55,2.54-6.0,0.1,4.0-12.0,100.0,HumanDriver,From 0 to 3,34.432808
nl.rug.dmas.trafficdemo.Scenario@13e4318d(seed: 1445321694407),1.47-2.55,2.54-6.0,0.1,4.0-12.0,100.0,HumanDriver,From 0 to 3,34.33281
nl.rug.dmas.trafficdemo.Scenario@36c48772(seed: 1445321694425),1.47-2.55,2.54-6.0,0.3,4.0-12.0,100.0,HumanDriver,From 0 to 3,38.799564
nl.rug.dmas.trafficdemo.Scenario@36c48772(seed: 1445321694425),1.47-2.55,2.54-6.0,0.3,4.0-12.0,100.0,AutonomousDriver,From 0 to 3,38.16621
nl.rug.dmas.trafficdemo.Scenario@36c48772(seed: 1445321694425),1.47-2.55,2.54-6.0,0.3,4.0-12.0,100.0,HumanDriver,From 0 to 3,36.066162
nl.rug.dmas.trafficdemo.Scenario@38011d45(seed: 1445321694449),1.47-2.55,2.54-6.0,0.3,4.0-12.0,100.0,HumanDriver,From 0 to 3,29.9497
nl.rug.dmas.trafficdemo.Scenario@38011d45(seed: 1445321694449),1.47-2.55,2.54-6.0,0.3,4.0-12.0,100.0,AutonomousDriver,From 0 to 3,29.36634
nl.rug.dmas.trafficdemo.Scenario@38011d45(seed: 1445321694449),1.47-2.55,2.54-6.0,0.3,4.0-12.0,100.0,HumanDriver,From 0 to 3,29.03293
nl.rug.dmas.trafficdemo.Scenario@38011d45(seed: 1445321694449),1.47-2.55,2.54-6.0,0.3,4.0-12.0,100.0,AutonomousDriver,From 0 to 3,29.399551
nl.rug.dmas.trafficdemo.Scenario@38011d45(seed: 1445321694449),1.47-2.55,2.54-6.0,0.3,4.0-12.0,100.0,AutonomousDriver,From 1 to 3,43.782803
nl.rug.dmas.trafficdemo.Scenario@38011d45(seed: 1445321694449),1.47-2.55,2.54-6.0,0.3,4.0-12.0,100.0,AutonomousDriver,From 0 to 3,40.96604
nl.rug.dmas.trafficdemo.Scenario@38011d45(seed: 1445321694449),1.47-2.55,2.54-6.0,0.3,4.0-12.0,100.0,HumanDriver,From 0 to 3,38.616077
nl.rug.dmas.trafficdemo.Scenario@38011d45(seed: 1445321694449),1.47-2.55,2.54-6.0,0.3,4.0-12.0,100.0,HumanDriver,From 0 to 3,39.43273
nl.rug.dmas.trafficdemo.Scenario@38011d45(seed: 1445321694449),1.47-2.55,2.54-6.0,0.3,4.0-12.0,100.0,HumanDriver,From 0 to 3,38.166084
nl.rug.dmas.trafficdemo.Scenario@38011d45(seed: 1445321694449),1.47-2.55,2.54-6.0,0.3,4.0-12.0,100.0,HumanDriver,From 0 to 3,37.232765
nl.rug.dmas.trafficdemo.Scenario@6e6e8d02(seed: 1445321695094),1.47-2.55,2.54-6.0,0.9000001,4.0-12.0,100.0,AutonomousDriver,From 0 to 3,45.616127
nl.rug.dmas.trafficdemo.Scenario@7cbdc6a3(seed: 1445321694423),1.47-2.55,2.54-6.0,0.3,4.0-12.0,100.0,HumanDriver,From 0 to 3,30.099697
nl.rug.dmas.trafficdemo.Scenario@7cbdc6a3(seed: 1445321694423),1.47-2.55,2.54-6.0,0.3,4.0-12.0,100.0,HumanDriver,From 0 to 3,29.94968
nl.rug.dmas.trafficdemo.Scenario@7cbdc6a3(seed: 1445321694423),1.47-2.55,2.54-6.0,0.3,4.0-12.0,100.0,HumanDriver,From 0 to 3,28.916332
nl.rug.dmas.trafficdemo.Scenario@7cbdc6a3(seed: 1445321694423),1.47-2.55,2.54-6.0,0.3,4.0-12.0,100.0,HumanDriver,From 0 to 3,29.316286
nl.rug.dmas.trafficdemo.Scenario@7cbdc6a3(seed: 1445321694423),1.47-2.55,2.54-6.0,0.3,4.0-12.0,100.0,AutonomousDriver,From 0 to 3,39.26608
nl.rug.dmas.trafficdemo.Scenario@7cbdc6a3(seed: 1445321694423),1.47-2.55,2.54-6.0,0.3,4.0-12.0,100.0,HumanDriver,From 0 to 3,47.132614
nl.rug.dmas.trafficdemo.Scenario@6f6acce3(seed: 1445321694384),1.47-2.55,2.54-6.0,0.0,4.0-12.0,100.0,HumanDriver,From 1 to 3,26.64975
nl.rug.dmas.trafficdemo.Scenario@6f6acce3(seed: 1445321694384),1.47-2.55,2.54-6.0,0.0,4.0-12.0,100.0,HumanDriver,From 0 to 3,29.216377
nl.rug.dmas.trafficdemo.Scenario@6f6acce3(seed: 1445321694384),1.47-2.55,2.54-6.0,0.0,4.0-12.0,100.0,HumanDriver,From 0 to 3,30.533
nl.rug.dmas.trafficdemo.Scenario@6f6acce3(seed: 1445321694384),1.47-2.55,2.54-6.0,0.0,4.0-12.0,100.0,HumanDriver,From 0 to 3,33.966244
nl.rug.dmas.trafficdemo.Scenario@6f6acce3(seed: 1445321694384),1.47-2.55,2.54-6.0,0.0,4.0-12.0,100.0,HumanDriver,From 0 to 3,33.949535
nl.rug.dmas.trafficdemo.Scenario@6f6acce3(seed: 1445321694384),1.47-2.55,2.54-6.0,0.0,4.0-12.0,100.0,HumanDriver,From 0 to 3,32.299507
nl.rug.dmas.trafficdemo.Scenario@6f6acce3(seed: 1445321694384),1.47-2.55,2.54-6.0,0.0,4.0-12.0,100.0,HumanDriver,From 0 to 3,31.816181
nl.rug.dmas.trafficdemo.Scenario@6f6acce3(seed: 1445321694384),1.47-2.55,2.54-6.0,0.0,4.0-12.0,100.0,HumanDriver,From 0 to 3,37.89942
nl.rug.dmas.trafficdemo.Scenario@6f6acce3(seed: 1445321694384),1.47-2.55,2.54-6.0,0.0,4.0-12.0,100.0,HumanDriver,From 1 to 3,37.499428
nl.rug.dmas.trafficdemo.Scenario@6f6acce3(seed: 1445321694384),1.47-2.55,2.54-6.0,0.0,4.0-12.0,100.0,HumanDriver,From 0 to 3,37.466095
nl.rug.dmas.trafficdemo.Scenario@6f6acce3(seed: 1445321694384),1.47-2.55,2.54-6.0,0.0,4.0-12.0,100.0,HumanDriver,From 0 to 3,37.89942
nl.rug.dmas.trafficdemo.Scenario@6f6acce3(seed: 1445321694384),1.47-2.55,2.54-6.0,0.0,4.0-12.0,100.0,HumanDriver,From 0 to 3,41.84936
nl.rug.dmas.trafficdemo.Scenario@e66db21(seed: 1445321695097),1.47-2.55,2.54-6.0,0.9000001,4.0-12.0,100.0,HumanDriver,From 0 to 3,29.399708
nl.rug.dmas.trafficdemo.Scenario@d75d3d7(seed: 1445321694461),1.47-2.55,2.54-6.0,0.6,4.0-12.0,100.0,AutonomousDriver,From 0 to 3,28.733051
nl.rug.dmas.trafficdemo.Scenario@d167d36(seed: 1445321694421),1.47-2.55,2.54-6.0,0.2,4.0-12.0,100.0,HumanDriver,From 0 to 3,31.333012
nl.rug.dmas.trafficdemo.Scenario@d167d36(seed: 1445321694421),1.47-2.55,2.54-6.0,0.2,4.0-12.0,100.0,HumanDriver,From 1 to 3,29.13298
nl.rug.dmas.trafficdemo.Scenario@d167d36(seed: 1445321694421),1.47-2.55,2.54-6.0,0.2,4.0-12.0,100.0,HumanDriver,From 1 to 3,29.032917
nl.rug.dmas.trafficdemo.Scenario@d167d36(seed: 1445321694421),1.47-2.55,2.54-6.0,0.2,4.0-12.0,100.0,HumanDriver,From 0 to 3,34.23294
nl.rug.dmas.trafficdemo.Scenario@d167d36(seed: 1445321694421),1.47-2.55,2.54-6.0,0.2,4.0-12.0,100.0,HumanDriver,From 0 to 3,36.366135
nl.rug.dmas.trafficdemo.Scenario@d167d36(seed: 1445321694421),1.47-2.55,2.54-6.0,0.2,4.0-12.0,100.0,HumanDriver,From 0 to 3,41.166134
nl.rug.dmas.trafficdemo.Scenario@d167d36(seed: 1445321694421),1.47-2.55,2.54-6.0,0.2,4.0-12.0,100.0,HumanDriver,From 0 to 3,38.23275
nl.rug.dmas.trafficdemo.Scenario@d167d36(seed: 1445321694421),1.47-2.55,2.54-6.0,0.2,4.0-12.0,100.0,HumanDriver,From 0 to 3,37.39943
nl.rug.dmas.trafficdemo.Scenario@d167d36(seed: 1445321694421),1.47-2.55,2.54-6.0,0.2,4.0-12.0,100.0,HumanDriver,From 0 to 3,36.266113
nl.rug.dmas.trafficdemo.Scenario@d167d36(seed: 1445321694421),1.47-2.55,2.54-6.0,0.2,4.0-12.0,100.0,HumanDriver,From 0 to 3,35.966118
nl.rug.dmas.trafficdemo.Scenario@d167d36(seed: 1445321694421),1.47-2.55,2.54-6.0,0.2,4.0-12.0,100.0,HumanDriver,From 0 to 3,34.28281
nl.rug.dmas.trafficdemo.Scenario@d167d36(seed: 1445321694421),1.47-2.55,2.54-6.0,0.2,4.0-12.0,100.0,HumanDriver,From 0 to 3,34.132812
nl.rug.dmas.trafficdemo.Scenario@d167d36(seed: 1445321694421),1.47-2.55,2.54-6.0,0.2,4.0-12.0,100.0,HumanDriver,From 0 to 3,33.34949
nl.rug.dmas.trafficdemo.Scenario@d167d36(seed: 1445321694421),1.47-2.55,2.54-6.0,0.2,4.0-12.0,100.0,HumanDriver,From 0 to 3,32.766167
nl.rug.dmas.trafficdemo.Scenario@602b24e6(seed: 1445321694406),1.47-2.55,2.54-6.0,0.1,4.0-12.0,100.0,HumanDriver,From 1 to 3,35.182865
nl.rug.dmas.trafficdemo.Scenario@602b24e6(seed: 1445321694406),1.47-2.55,2.54-6.0,0.1,4.0-12.0,100.0,HumanDriver,From 0 to 3,40.63287
nl.rug.dmas.trafficdemo.Scenario@602b24e6(seed: 1445321694406),1.47-2.55,2.54-6.0,0.1,4.0-12.0,100.0,HumanDriver,From 0 to 3,40.466187
nl.rug.dmas.trafficdemo.Scenario@c1fb580(seed: 1445321694451),1.47-2.55,2.54-6.0,0.4,4.0-12.0,100.0,AutonomousDriver,From 0 to 3,40.03288
nl.rug.dmas.trafficdemo.Scenario@c1fb580(seed: 1445321694451),1.47-2.55,2.54-6.0,0.4,4.0-12.0,100.0,AutonomousDriver,From 0 to 3,53.899273
nl.rug.dmas.trafficdemo.Scenario@c1fb580(seed: 1445321694451),1.47-2.55,2.54-6.0,0.4,4.0-12.0,100.0,HumanDriver,From 0 to 3,51.865875
nl.rug.dmas.trafficdemo.Scenario@5522a7b5(seed: 1445321694450),1.47-2.55,2.54-6.0,0.4,4.0-12.0,100.0,HumanDriver,From 0 to 3,29.316376
nl.rug.dmas.trafficdemo.Scenario@5522a7b5(seed: 1445321694450),1.47-2.55,2.54-6.0,0.4,4.0-12.0,100.0,HumanDriver,From 1 to 3,29.466278
nl.rug.dmas.trafficdemo.Scenario@5522a7b5(seed: 1445321694450),1.47-2.55,2.54-6.0,0.4,4.0-12.0,100.0,AutonomousDriver,From 0 to 3,34.849598
nl.rug.dmas.trafficdemo.Scenario@5522a7b5(seed: 1445321694450),1.47-2.55,2.54-6.0,0.4,4.0-12.0,100.0,HumanDriver,From 0 to 3,32.66622
nl.rug.dmas.trafficdemo.Scenario@5522a7b5(seed: 1445321694450),1.47-2.55,2.54-6.0,0.4,4.0-12.0,100.0,HumanDriver,From 0 to 3,30.916195
nl.rug.dmas.trafficdemo.Scenario@4deb1dbd(seed: 1445321695091),1.47-2.55,2.54-6.0,0.8000001,4.0-12.0,100.0,AutonomousDriver,From 1 to 3,25.516373
nl.rug.dmas.trafficdemo.Scenario@4deb1dbd(seed: 1445321695091),1.47-2.55,2.54-6.0,0.8000001,4.0-12.0,100.0,AutonomousDriver,From 0 to 3,34.13297
nl.rug.dmas.trafficdemo.Scenario@4deb1dbd(seed: 1445321695091),1.47-2.55,2.54-6.0,0.8000001,4.0-12.0,100.0,AutonomousDriver,From 0 to 3,36.849545
nl.rug.dmas.trafficdemo.Scenario@4deb1dbd(seed: 1445321695091),1.47-2.55,2.54-6.0,0.8000001,4.0-12.0,100.0,AutonomousDriver,From 0 to 3,41.89936
nl.rug.dmas.trafficdemo.Scenario@76011b69(seed: 1445321694467),1.47-2.55,2.54-6.0,0.70000005,4.0-12.0,100.0,AutonomousDriver,From 0 to 3,29.399708
nl.rug.dmas.trafficdemo.Scenario@76011b69(seed: 1445321694467),1.47-2.55,2.54-6.0,0.70000005,4.0-12.0,100.0,HumanDriver,From 0 to 3,28.966333
nl.rug.dmas.trafficdemo.Scenario@76011b69(seed: 1445321694467),1.47-2.55,2.54-6.0,0.70000005,4.0-12.0,100.0,HumanDriver,From 0 to 3,29.099617
nl.rug.dmas.trafficdemo.Scenario@76011b69(seed: 1445321694467),1.47-2.55,2.54-6.0,0.70000005,4.0-12.0,100.0,HumanDriver,From 0 to 3,29.816223
nl.rug.dmas.trafficdemo.Scenario@76011b69(seed: 1445321694467),1.47-2.55,2.54-6.0,0.70000005,4.0-12.0,100.0,HumanDriver,From 0 to 3,29.816212
nl.rug.dmas.trafficdemo.Scenario@76011b69(seed: 1445321694467),1.47-2.55,2.54-6.0,0.70000005,4.0-12.0,100.0,AutonomousDriver,From 0 to 3,29.432884
nl.rug.dmas.trafficdemo.Scenario@76011b69(seed: 1445321694467),1.47-2.55,2.54-6.0,0.70000005,4.0-12.0,100.0,HumanDriver,From 0 to 3,29.366219
nl.rug.dmas.trafficdemo.Scenario@76011b69(seed: 1445321694467),1.47-2.55,2.54-6.0,0.70000005,4.0-12.0,100.0,HumanDriver,From 0 to 3,29.349552
nl.rug.dmas.trafficdemo.Scenario@76011b69(seed: 1445321694467),1.47-2.55,2.54-6.0,0.70000005,4.0-12.0,100.0,AutonomousDriver,From 0 to 3,29.232887
nl.rug.dmas.trafficdemo.Scenario@76011b69(seed: 1445321694467),1.47-2.55,2.54-6.0,0.70000005,4.0-12.0,100.0,AutonomousDriver,From 0 to 3,29.299553
nl.rug.dmas.trafficdemo.Scenario@76011b69(seed: 1445321694467),1.47-2.55,2.54-6.0,0.70000005,4.0-12.0,100.0,AutonomousDriver,From 0 to 3,29.599548
nl.rug.dmas.trafficdemo.Scenario@2b88689a(seed: 1445321694408),1.47-2.55,2.54-6.0,0.1,4.0-12.0,100.0,HumanDriver,From 1 to 3,27.449644
nl.rug.dmas.trafficdemo.Scenario@2b88689a(seed: 1445321694408),1.47-2.55,2.54-6.0,0.1,4.0-12.0,100.0,HumanDriver,From 0 to 3,33.43298
nl.rug.dmas.trafficdemo.Scenario@2b88689a(seed: 1445321694408),1.47-2.55,2.54-6.0,0.1,4.0-12.0,100.0,HumanDriver,From 0 to 3,32.716293
nl.rug.dmas.trafficdemo.Scenario@2b88689a(seed: 1445321694408),1.47-2.55,2.54-6.0,0.1,4.0-12.0,100.0,HumanDriver,From 0 to 3,32.11626
nl.rug.dmas.trafficdemo.Scenario@2b88689a(seed: 1445321694408),1.47-2.55,2.54-6.0,0.1,4.0-12.0,100.0,HumanDriver,From 1 to 3,31.649538
nl.rug.dmas.trafficdemo.Scenario@2b88689a(seed: 1445321694408),1.47-2.55,2.54-6.0,0.1,4.0-12.0,100.0,HumanDriver,From 0 to 3,34.31619
nl.rug.dmas.trafficdemo.Scenario@2b88689a(seed: 1445321694408),1.47-2.55,2.54-6.0,0.1,4.0-12.0,100.0,HumanDriver,From 0 to 3,33.08283
nl.rug.dmas.trafficdemo.Scenario@2b88689a(seed: 1445321694408),1.47-2.55,2.54-6.0,0.1,4.0-12.0,100.0,HumanDriver,From 0 to 3,32.766167
nl.rug.dmas.trafficdemo.Scenario@2b88689a(seed: 1445321694408),1.47-2.55,2.54-6.0,0.1,4.0-12.0,100.0,HumanDriver,From 1 to 3,34.18281
nl.rug.dmas.trafficdemo.Scenario@2b88689a(seed: 1445321694408),1.47-2.55,2.54-6.0,0.1,4.0-12.0,100.0,HumanDriver,From 0 to 3,33.16616
nl.rug.dmas.trafficdemo.Scenario@2b88689a(seed: 1445321694408),1.47-2.55,2.54-6.0,0.1,4.0-12.0,100.0,HumanDriver,From 0 to 3,32.732834
nl.rug.dmas.trafficdemo.Scenario@2b88689a(seed: 1445321694408),1.47-2.55,2.54-6.0,0.1,4.0-12.0,100.0,HumanDriver,From 0 to 3,31.21619
nl.rug.dmas.trafficdemo.Scenario@2b88689a(seed: 1445321694408),1.47-2.55,2.54-6.0,0.1,4.0-12.0,100.0,HumanDriver,From 0 to 3,32.482838
nl.rug.dmas.trafficdemo.Scenario@2b88689a(seed: 1445321694408),1.47-2.55,2.54-6.0,0.1,4.0-12.0,100.0,HumanDriver,From 0 to 3,31.782848
nl.rug.dmas.trafficdemo.Scenario@60498b39(seed: 1445321695093),1.47-2.55,2.54-6.0,0.8000001,4.0-12.0,100.0,AutonomousDriver,From 1 to 3,27.21635
nl.rug.dmas.trafficdemo.Scenario@6350152f(seed: 1445321694427),1.47-2.55,2.54-6.0,0.3,4.0-12.0,100.0,HumanDriver,From 0 to 3,29.383041
nl.rug.dmas.trafficdemo.Scenario@5ce03f50(seed: 1445321695089),1.47-2.55,2.54-6.0,0.8000001,4.0-12.0,100.0,AutonomousDriver,From 0 to 3,30.283028
nl.rug.dmas.trafficdemo.Scenario@622ce9e6(seed: 1445321694399),1.47-2.55,2.54-6.0,0.0,4.0-12.0,100.0,HumanDriver,From 1 to 3,32.699562
nl.rug.dmas.trafficdemo.Scenario@622ce9e6(seed: 1445321694399),1.47-2.55,2.54-6.0,0.0,4.0-12.0,100.0,HumanDriver,From 1 to 3,46.13263
nl.rug.dmas.trafficdemo.Scenario@622ce9e6(seed: 1445321694399),1.47-2.55,2.54-6.0,0.0,4.0-12.0,100.0,HumanDriver,From 0 to 3,56.399296
nl.rug.dmas.trafficdemo.Scenario@622ce9e6(seed: 1445321694399),1.47-2.55,2.54-6.0,0.0,4.0-12.0,100.0,HumanDriver,From 0 to 3,54.632607
nl.rug.dmas.trafficdemo.Scenario@6f1d0b1(seed: 1445321694470),1.47-2.55,2.54-6.0,0.70000005,4.0-12.0,100.0,HumanDriver,From 0 to 3,29.499706
nl.rug.dmas.trafficdemo.Scenario@6f1d0b1(seed: 1445321694470),1.47-2.55,2.54-6.0,0.70000005,4.0-12.0,100.0,AutonomousDriver,From 0 to 3,53.665985
nl.rug.dmas.trafficdemo.Scenario@6f1d0b1(seed: 1445321694470),1.47-2.55,2.54-6.0,0.70000005,4.0-12.0,100.0,AutonomousDriver,From 0 to 3,53.899254
nl.rug.dmas.trafficdemo.Scenario@25eb186a(seed: 1445321694457),1.47-2.55,2.54-6.0,0.5,4.0-12.0,100.0,AutonomousDriver,From 1 to 3,36.94952
nl.rug.dmas.trafficdemo.Scenario@25eb186a(seed: 1445321694457),1.47-2.55,2.54-6.0,0.5,4.0-12.0,100.0,HumanDriver,From 0 to 3,42.982834
nl.rug.dmas.trafficdemo.Scenario@25eb186a(seed: 1445321694457),1.47-2.55,2.54-6.0,0.5,4.0-12.0,100.0,HumanDriver,From 0 to 3,42.51614
nl.rug.dmas.trafficdemo.Scenario@589d4d84(seed: 1445321694312),1.47-2.55,2.54-6.0,0.0,4.0-12.0,100.0,HumanDriver,From 0 to 3,29.53304
nl.rug.dmas.trafficdemo.Scenario@589d4d84(seed: 1445321694312),1.47-2.55,2.54-6.0,0.0,4.0-12.0,100.0,HumanDriver,From 0 to 3,29.449678
nl.rug.dmas.trafficdemo.Scenario@589d4d84(seed: 1445321694312),1.47-2.55,2.54-6.0,0.0,4.0-12.0,100.0,HumanDriver,From 1 to 3,30.149603
nl.rug.dmas.trafficdemo.Scenario@589d4d84(seed: 1445321694312),1.47-2.55,2.54-6.0,0.0,4.0-12.0,100.0,HumanDriver,From 1 to 3,30.38287
nl.rug.dmas.trafficdemo.Scenario@589d4d84(seed: 1445321694312),1.47-2.55,2.54-6.0,0.0,4.0-12.0,100.0,HumanDriver,From 0 to 3,34.84956
nl.rug.dmas.trafficdemo.Scenario@589d4d84(seed: 1445321694312),1.47-2.55,2.54-6.0,0.0,4.0-12.0,100.0,HumanDriver,From 0 to 3,34.482853
nl.rug.dmas.trafficdemo.Scenario@589d4d84(seed: 1445321694312),1.47-2.55,2.54-6.0,0.0,4.0-12.0,100.0,HumanDriver,From 0 to 3,32.816166
nl.rug.dmas.trafficdemo.Scenario@589d4d84(seed: 1445321694312),1.47-2.55,2.54-6.0,0.0,4.0-12.0,100.0,HumanDriver,From 0 to 3,34.949467
nl.rug.dmas.trafficdemo.Scenario@589d4d84(seed: 1445321694312),1.47-2.55,2.54-6.0,0.0,4.0-12.0,100.0,HumanDriver,From 1 to 3,37.266098
nl.rug.dmas.trafficdemo.Scenario@589d4d84(seed: 1445321694312),1.47-2.55,2.54-6.0,0.0,4.0-12.0,100.0,HumanDriver,From 0 to 3,35.81612
nl.rug.dmas.trafficdemo.Scenario@589d4d84(seed: 1445321694312),1.47-2.55,2.54-6.0,0.0,4.0-12.0,100.0,HumanDriver,From 0 to 3,35.732788
nl.rug.dmas.trafficdemo.Scenario@589d4d84(seed: 1445321694312),1.47-2.55,2.54-6.0,0.0,4.0-12.0,100.0,HumanDriver,From 0 to 3,35.21613
nl.rug.dmas.trafficdemo.Scenario@589d4d84(seed: 1445321694312),1.47-2.55,2.54-6.0,0.0,4.0-12.0,100.0,HumanDriver,From 1 to 3,42.616016
nl.rug.dmas.trafficdemo.Scenario@589d4d84(seed: 1445321694312),1.47-2.55,2.54-6.0,0.0,4.0-12.0,100.0,HumanDriver,From 0 to 3,38.149418
nl.rug.dmas.trafficdemo.Scenario@589d4d84(seed: 1445321694312),1.47-2.55,2.54-6.0,0.0,4.0-12.0,100.0,HumanDriver,From 0 to 3,37.332764
nl.rug.dmas.trafficdemo.Scenario@21712712(seed: 1445321694460),1.47-2.55,2.54-6.0,0.5,4.0-12.0,100.0,HumanDriver,From 0 to 3,31.116348
nl.rug.dmas.trafficdemo.Scenario@21712712(seed: 1445321694460),1.47-2.55,2.54-6.0,0.5,4.0-12.0,100.0,HumanDriver,From 0 to 3,30.41633
nl.rug.dmas.trafficdemo.Scenario@21712712(seed: 1445321694460),1.47-2.55,2.54-6.0,0.5,4.0-12.0,100.0,AutonomousDriver,From 0 to 3,35.432884
nl.rug.dmas.trafficdemo.Scenario@21712712(seed: 1445321694460),1.47-2.55,2.54-6.0,0.5,4.0-12.0,100.0,AutonomousDriver,From 0 to 3,33.76615
nl.rug.dmas.trafficdemo.Scenario@21712712(seed: 1445321694460),1.47-2.55,2.54-6.0,0.5,4.0-12.0,100.0,AutonomousDriver,From 1 to 3,37.68276
nl.rug.dmas.trafficdemo.Scenario@21712712(seed: 1445321694460),1.47-2.55,2.54-6.0,0.5,4.0-12.0,100.0,AutonomousDriver,From 1 to 3,38.949406
nl.rug.dmas.trafficdemo.Scenario@21712712(seed: 1445321694460),1.47-2.55,2.54-6.0,0.5,4.0-12.0,100.0,AutonomousDriver,From 0 to 3,42.23269
nl.rug.dmas.trafficdemo.Scenario@21712712(seed: 1445321694460),1.47-2.55,2.54-6.0,0.5,4.0-12.0,100.0,HumanDriver,From 0 to 3,40.266052
nl.rug.dmas.trafficdemo.Scenario@21712712(seed: 1445321694460),1.47-2.55,2.54-6.0,0.5,4.0-12.0,100.0,HumanDriver,From 0 to 3,40.499382
nl.rug.dmas.trafficdemo.Scenario@21712712(seed: 1445321694460),1.47-2.55,2.54-6.0,0.5,4.0-12.0,100.0,HumanDriver,From 0 to 3,40.582714
nl.rug.dmas.trafficdemo.Scenario@21712712(seed: 1445321694460),1.47-2.55,2.54-6.0,0.5,4.0-12.0,100.0,HumanDriver,From 0 to 3,40.532715
nl.rug.dmas.trafficdemo.Scenario@59e96ffd(seed: 1445321694448),1.47-2.55,2.54-6.0,0.3,4.0-12.0,100.0,HumanDriver,From 0 to 3,29.099712
nl.rug.dmas.trafficdemo.Scenario@59e96ffd(seed: 1445321694448),1.47-2.55,2.54-6.0,0.3,4.0-12.0,100.0,AutonomousDriver,From 0 to 3,29.083021
nl.rug.dmas.trafficdemo.Scenario@59e96ffd(seed: 1445321694448),1.47-2.55,2.54-6.0,0.3,4.0-12.0,100.0,AutonomousDriver,From 1 to 3,29.81627
nl.rug.dmas.trafficdemo.Scenario@59e96ffd(seed: 1445321694448),1.47-2.55,2.54-6.0,0.3,4.0-12.0,100.0,AutonomousDriver,From 1 to 3,29.399551
nl.rug.dmas.trafficdemo.Scenario@59e96ffd(seed: 1445321694448),1.47-2.55,2.54-6.0,0.3,4.0-12.0,100.0,HumanDriver,From 0 to 3,34.666206
nl.rug.dmas.trafficdemo.Scenario@59e96ffd(seed: 1445321694448),1.47-2.55,2.54-6.0,0.3,4.0-12.0,100.0,HumanDriver,From 0 to 3,33.166164
nl.rug.dmas.trafficdemo.Scenario@59e96ffd(seed: 1445321694448),1.47-2.55,2.54-6.0,0.3,4.0-12.0,100.0,AutonomousDriver,From 0 to 3,33.566154
nl.rug.dmas.trafficdemo.Scenario@59e96ffd(seed: 1445321694448),1.47-2.55,2.54-6.0,0.3,4.0-12.0,100.0,AutonomousDriver,From 1 to 3,38.149418
nl.rug.dmas.trafficdemo.Scenario@59e96ffd(seed: 1445321694448),1.47-2.55,2.54-6.0,0.3,4.0-12.0,100.0,HumanDriver,From 0 to 3,46.64929
nl.rug.dmas.trafficdemo.Scenario@7e8bd6e8(seed: 1445321694419),1.47-2.55,2.54-6.0,0.2,4.0-12.0,100.0,HumanDriver,From 0 to 3,30.31636
nl.rug.dmas.trafficdemo.Scenario@7e8bd6e8(seed: 1445321694419),1.47-2.55,2.54-6.0,0.2,4.0-12.0,100.0,HumanDriver,From 0 to 3,30.599667
nl.rug.dmas.trafficdemo.Scenario@7e8bd6e8(seed: 1445321694419),1.47-2.55,2.54-6.0,0.2,4.0-12.0,100.0,HumanDriver,From 0 to 3,31.082964
nl.rug.dmas.trafficdemo.Scenario@7e8bd6e8(seed: 1445321694419),1.47-2.55,2.54-6.0,0.2,4.0-12.0,100.0,AutonomousDriver,From 1 to 3,45.482662
nl.rug.dmas.trafficdemo.Scenario@540ba652(seed: 1445321694393),1.47-2.55,2.54-6.0,0.0,4.0-12.0,100.0,HumanDriver,From 1 to 3,27.149643
nl.rug.dmas.trafficdemo.Scenario@540ba652(seed: 1445321694393),1.47-2.55,2.54-6.0,0.0,4.0-12.0,100.0,HumanDriver,From 0 to 3,32.96632
nl.rug.dmas.trafficdemo.Scenario@540ba652(seed: 1445321694393),1.47-2.55,2.54-6.0,0.0,4.0-12.0,100.0,HumanDriver,From 0 to 3,31.132977
nl.rug.dmas.trafficdemo.Scenario@540ba652(seed: 1445321694393),1.47-2.55,2.54-6.0,0.0,4.0-12.0,100.0,HumanDriver,From 1 to 3,33.016163
nl.rug.dmas.trafficdemo.Scenario@540ba652(seed: 1445321694393),1.47-2.55,2.54-6.0,0.0,4.0-12.0,100.0,HumanDriver,From 1 to 3,38.382748
nl.rug.dmas.trafficdemo.Scenario@540ba652(seed: 1445321694393),1.47-2.55,2.54-6.0,0.0,4.0-12.0,100.0,HumanDriver,From 0 to 3,45.616047
nl.rug.dmas.trafficdemo.Scenario@540ba652(seed: 1445321694393),1.47-2.55,2.54-6.0,0.0,4.0-12.0,100.0,HumanDriver,From 0 to 3,46.049316
nl.rug.dmas.trafficdemo.Scenario@540ba652(seed: 1445321694393),1.47-2.55,2.54-6.0,0.0,4.0-12.0,100.0,HumanDriver,From 1 to 3,45.349308
nl.rug.dmas.trafficdemo.Scenario@7b7d3308(seed: 1445321694465),1.47-2.55,2.54-6.0,0.6,4.0-12.0,100.0,HumanDriver,From 0 to 3,28.899715
nl.rug.dmas.trafficdemo.Scenario@7b7d3308(seed: 1445321694465),1.47-2.55,2.54-6.0,0.6,4.0-12.0,100.0,HumanDriver,From 0 to 3,29.033026
nl.rug.dmas.trafficdemo.Scenario@7b7d3308(seed: 1445321694465),1.47-2.55,2.54-6.0,0.6,4.0-12.0,100.0,HumanDriver,From 0 to 3,29.099663
nl.rug.dmas.trafficdemo.Scenario@7b7d3308(seed: 1445321694465),1.47-2.55,2.54-6.0,0.6,4.0-12.0,100.0,HumanDriver,From 0 to 3,29.116282
nl.rug.dmas.trafficdemo.Scenario@21dd63a8(seed: 1445321694388),1.47-2.55,2.54-6.0,0.0,4.0-12.0,100.0,HumanDriver,From 1 to 3,25.766346
nl.rug.dmas.trafficdemo.Scenario@21dd63a8(seed: 1445321694388),1.47-2.55,2.54-6.0,0.0,4.0-12.0,100.0,HumanDriver,From 0 to 3,44.43281
nl.rug.dmas.trafficdemo.Scenario@21dd63a8(seed: 1445321694388),1.47-2.55,2.54-6.0,0.0,4.0-12.0,100.0,HumanDriver,From 1 to 3,48.91592
nl.rug.dmas.trafficdemo.Scenario@7766d31c(seed: 1445321694422),1.47-2.55,2.54-6.0,0.2,4.0-12.0,100.0,HumanDriver,From 0 to 3,29.099712
nl.rug.dmas.trafficdemo.Scenario@7766d31c(seed: 1445321694422),1.47-2.55,2.54-6.0,0.2,4.0-12.0,100.0,HumanDriver,From 0 to 3,28.999697
nl.rug.dmas.trafficdemo.Scenario@7766d31c(seed: 1445321694422),1.47-2.55,2.54-6.0,0.2,4.0-12.0,100.0,AutonomousDriver,From 0 to 3,37.449547
nl.rug.dmas.trafficdemo.Scenario@67fc85d(seed: 1445321695092),1.47-2.55,2.54-6.0,0.8000001,4.0-12.0,100.0,AutonomousDriver,From 0 to 3,52.582687
nl.rug.dmas.trafficdemo.Scenario@6bd1f967(seed: 1445321694460),1.47-2.55,2.54-6.0,0.5,4.0-12.0,100.0,AutonomousDriver,From 0 to 3,53.566006
nl.rug.dmas.trafficdemo.Scenario@3b1938ea(seed: 1445321694424),1.47-2.55,2.54-6.0,0.3,4.0-12.0,100.0,AutonomousDriver,From 1 to 3,31.666307
nl.rug.dmas.trafficdemo.Scenario@3b1938ea(seed: 1445321694424),1.47-2.55,2.54-6.0,0.3,4.0-12.0,100.0,AutonomousDriver,From 0 to 3,34.616295
nl.rug.dmas.trafficdemo.Scenario@3b1938ea(seed: 1445321694424),1.47-2.55,2.54-6.0,0.3,4.0-12.0,100.0,HumanDriver,From 0 to 3,36.249565
nl.rug.dmas.trafficdemo.Scenario@3b1938ea(seed: 1445321694424),1.47-2.55,2.54-6.0,0.3,4.0-12.0,100.0,AutonomousDriver,From 0 to 3,35.68286
nl.rug.dmas.trafficdemo.Scenario@44e70ff(seed: 1445321694391),1.47-2.55,2.54-6.0,0.0,4.0-12.0,100.0,HumanDriver,From 0 to 3,30.31636
nl.rug.dmas.trafficdemo.Scenario@44e70ff(seed: 1445321694391),1.47-2.55,2.54-6.0,0.0,4.0-12.0,100.0,HumanDriver,From 1 to 3,47.632607
nl.rug.dmas.trafficdemo.Scenario@44e70ff(seed: 1445321694391),1.47-2.55,2.54-6.0,0.0,4.0-12.0,100.0,HumanDriver,From 0 to 3,54.799294
nl.rug.dmas.trafficdemo.Scenario@44e70ff(seed: 1445321694391),1.47-2.55,2.54-6.0,0.0,4.0-12.0,100.0,HumanDriver,From 1 to 3,51.44924
nl.rug.dmas.trafficdemo.Scenario@44e70ff(seed: 1445321694391),1.47-2.55,2.54-6.0,0.0,4.0-12.0,100.0,HumanDriver,From 0 to 3,55.36593
nl.rug.dmas.trafficdemo.Scenario@32f88377(seed: 1445321694456),1.47-2.55,2.54-6.0,0.5,4.0-12.0,100.0,HumanDriver,From 0 to 3,29.799702
nl.rug.dmas.trafficdemo.Scenario@32f88377(seed: 1445321694456),1.47-2.55,2.54-6.0,0.5,4.0-12.0,100.0,HumanDriver,From 0 to 3,29.933008
nl.rug.dmas.trafficdemo.Scenario@32f88377(seed: 1445321694456),1.47-2.55,2.54-6.0,0.5,4.0-12.0,100.0,AutonomousDriver,From 1 to 3,36.04951
nl.rug.dmas.trafficdemo.Scenario@372d95a(seed: 1445321694457),1.47-2.55,2.54-6.0,0.5,4.0-12.0,100.0,AutonomousDriver,From 1 to 3,38.01617
nl.rug.dmas.trafficdemo.Scenario@372d95a(seed: 1445321694457),1.47-2.55,2.54-6.0,0.5,4.0-12.0,100.0,HumanDriver,From 0 to 3,44.099483
nl.rug.dmas.trafficdemo.Scenario@372d95a(seed: 1445321694457),1.47-2.55,2.54-6.0,0.5,4.0-12.0,100.0,HumanDriver,From 0 to 3,43.432793
nl.rug.dmas.trafficdemo.Scenario@9af4abb(seed: 1445321694418),1.47-2.55,2.54-6.0,0.2,4.0-12.0,100.0,HumanDriver,From 1 to 3,28.149647
nl.rug.dmas.trafficdemo.Scenario@9af4abb(seed: 1445321694418),1.47-2.55,2.54-6.0,0.2,4.0-12.0,100.0,HumanDriver,From 0 to 3,38.11624
nl.rug.dmas.trafficdemo.Scenario@9af4abb(seed: 1445321694418),1.47-2.55,2.54-6.0,0.2,4.0-12.0,100.0,HumanDriver,From 0 to 3,37.216225
nl.rug.dmas.trafficdemo.Scenario@9af4abb(seed: 1445321694418),1.47-2.55,2.54-6.0,0.2,4.0-12.0,100.0,HumanDriver,From 0 to 3,38.399506
nl.rug.dmas.trafficdemo.Scenario@9af4abb(seed: 1445321694418),1.47-2.55,2.54-6.0,0.2,4.0-12.0,100.0,HumanDriver,From 0 to 3,38.349434
nl.rug.dmas.trafficdemo.Scenario@9af4abb(seed: 1445321694418),1.47-2.55,2.54-6.0,0.2,4.0-12.0,100.0,AutonomousDriver,From 0 to 3,40.249386
nl.rug.dmas.trafficdemo.Scenario@9af4abb(seed: 1445321694418),1.47-2.55,2.54-6.0,0.2,4.0-12.0,100.0,AutonomousDriver,From 0 to 3,38.299416
nl.rug.dmas.trafficdemo.Scenario@9af4abb(seed: 1445321694418),1.47-2.55,2.54-6.0,0.2,4.0-12.0,100.0,HumanDriver,From 0 to 3,36.349445
nl.rug.dmas.trafficdemo.Scenario@9af4abb(seed: 1445321694418),1.47-2.55,2.54-6.0,0.2,4.0-12.0,100.0,HumanDriver,From 0 to 3,34.74947
nl.rug.dmas.trafficdemo.Scenario@9af4abb(seed: 1445321694418),1.47-2.55,2.54-6.0,0.2,4.0-12.0,100.0,HumanDriver,From 0 to 3,33.982815
nl.rug.dmas.trafficdemo.Scenario@9af4abb(seed: 1445321694418),1.47-2.55,2.54-6.0,0.2,4.0-12.0,100.0,AutonomousDriver,From 0 to 3,36.28278
nl.rug.dmas.trafficdemo.Scenario@6a2203c1(seed: 1445321694405),1.47-2.55,2.54-6.0,0.1,4.0-12.0,100.0,HumanDriver,From 1 to 3,33.56624
nl.rug.dmas.trafficdemo.Scenario@6a2203c1(seed: 1445321694405),1.47-2.55,2.54-6.0,0.1,4.0-12.0,100.0,HumanDriver,From 1 to 3,31.882864
nl.rug.dmas.trafficdemo.Scenario@6a2203c1(seed: 1445321694405),1.47-2.55,2.54-6.0,0.1,4.0-12.0,100.0,HumanDriver,From 1 to 3,37.63276
nl.rug.dmas.trafficdemo.Scenario@6a2203c1(seed: 1445321694405),1.47-2.55,2.54-6.0,0.1,4.0-12.0,100.0,HumanDriver,From 1 to 3,38.59941
nl.rug.dmas.trafficdemo.Scenario@6a2203c1(seed: 1445321694405),1.47-2.55,2.54-6.0,0.1,4.0-12.0,100.0,HumanDriver,From 1 to 3,37.982754
nl.rug.dmas.trafficdemo.Scenario@36054f2d(seed: 1445321694397),1.47-2.55,2.54-6.0,0.0,4.0-12.0,100.0,HumanDriver,From 1 to 3,27.216251
nl.rug.dmas.trafficdemo.Scenario@36054f2d(seed: 1445321694397),1.47-2.55,2.54-6.0,0.0,4.0-12.0,100.0,HumanDriver,From 0 to 3,36.282936
nl.rug.dmas.trafficdemo.Scenario@36054f2d(seed: 1445321694397),1.47-2.55,2.54-6.0,0.0,4.0-12.0,100.0,HumanDriver,From 0 to 3,35.766247
nl.rug.dmas.trafficdemo.Scenario@36054f2d(seed: 1445321694397),1.47-2.55,2.54-6.0,0.0,4.0-12.0,100.0,HumanDriver,From 0 to 3,37.499516
nl.rug.dmas.trafficdemo.Scenario@36054f2d(seed: 1445321694397),1.47-2.55,2.54-6.0,0.0,4.0-12.0,100.0,HumanDriver,From 0 to 3,36.466145
nl.rug.dmas.trafficdemo.Scenario@36054f2d(seed: 1445321694397),1.47-2.55,2.54-6.0,0.0,4.0-12.0,100.0,HumanDriver,From 0 to 3,36.41611
nl.rug.dmas.trafficdemo.Scenario@36054f2d(seed: 1445321694397),1.47-2.55,2.54-6.0,0.0,4.0-12.0,100.0,HumanDriver,From 1 to 3,34.18281
nl.rug.dmas.trafficdemo.Scenario@36054f2d(seed: 1445321694397),1.47-2.55,2.54-6.0,0.0,4.0-12.0,100.0,HumanDriver,From 0 to 3,38.216084
nl.rug.dmas.trafficdemo.Scenario@36054f2d(seed: 1445321694397),1.47-2.55,2.54-6.0,0.0,4.0-12.0,100.0,HumanDriver,From 0 to 3,36.74944
nl.rug.dmas.trafficdemo.Scenario@36054f2d(seed: 1445321694397),1.47-2.55,2.54-6.0,0.0,4.0-12.0,100.0,HumanDriver,From 0 to 3,35.516125
nl.rug.dmas.trafficdemo.Scenario@36054f2d(seed: 1445321694397),1.47-2.55,2.54-6.0,0.0,4.0-12.0,100.0,HumanDriver,From 0 to 3,34.899467
nl.rug.dmas.trafficdemo.Scenario@440e0795(seed: 1445321695094),1.47-2.55,2.54-6.0,0.9000001,4.0-12.0,100.0,AutonomousDriver,From 0 to 3,45.59946
nl.rug.dmas.trafficdemo.Scenario@6eb2756(seed: 1445321694420),1.47-2.55,2.54-6.0,0.2,4.0-12.0,100.0,HumanDriver,From 0 to 3,29.149712
nl.rug.dmas.trafficdemo.Scenario@6eb2756(seed: 1445321694420),1.47-2.55,2.54-6.0,0.2,4.0-12.0,100.0,HumanDriver,From 0 to 3,29.066355
nl.rug.dmas.trafficdemo.Scenario@6eb2756(seed: 1445321694420),1.47-2.55,2.54-6.0,0.2,4.0-12.0,100.0,AutonomousDriver,From 0 to 3,28.94966
nl.rug.dmas.trafficdemo.Scenario@6eb2756(seed: 1445321694420),1.47-2.55,2.54-6.0,0.2,4.0-12.0,100.0,HumanDriver,From 0 to 3,29.232906
nl.rug.dmas.trafficdemo.Scenario@6eb2756(seed: 1445321694420),1.47-2.55,2.54-6.0,0.2,4.0-12.0,100.0,HumanDriver,From 0 to 3,29.816212
nl.rug.dmas.trafficdemo.Scenario@6eb2756(seed: 1445321694420),1.47-2.55,2.54-6.0,0.2,4.0-12.0,100.0,HumanDriver,From 0 to 3,29.632881
nl.rug.dmas.trafficdemo.Scenario@6eb2756(seed: 1445321694420),1.47-2.55,2.54-6.0,0.2,4.0-12.0,100.0,HumanDriver,From 0 to 3,28.832893
nl.rug.dmas.trafficdemo.Scenario@6eb2756(seed: 1445321694420),1.47-2.55,2.54-6.0,0.2,4.0-12.0,100.0,HumanDriver,From 0 to 3,29.332886
nl.rug.dmas.trafficdemo.Scenario@6eb2756(seed: 1445321694420),1.47-2.55,2.54-6.0,0.2,4.0-12.0,100.0,HumanDriver,From 0 to 3,29.999542
nl.rug.dmas.trafficdemo.Scenario@6eb2756(seed: 1445321694420),1.47-2.55,2.54-6.0,0.2,4.0-12.0,100.0,AutonomousDriver,From 0 to 3,29.932877
nl.rug.dmas.trafficdemo.Scenario@6eb2756(seed: 1445321694420),1.47-2.55,2.54-6.0,0.2,4.0-12.0,100.0,HumanDriver,From 0 to 3,29.54955
nl.rug.dmas.trafficdemo.Scenario@6eb2756(seed: 1445321694420),1.47-2.55,2.54-6.0,0.2,4.0-12.0,100.0,HumanDriver,From 0 to 3,29.482883
nl.rug.dmas.trafficdemo.Scenario@4f531f73(seed: 1445321694470),1.47-2.55,2.54-6.0,0.70000005,4.0-12.0,100.0,AutonomousDriver,From 1 to 3,29.232952
nl.rug.dmas.trafficdemo.Scenario@4f531f73(seed: 1445321694470),1.47-2.55,2.54-6.0,0.70000005,4.0-12.0,100.0,AutonomousDriver,From 1 to 3,48.96592
nl.rug.dmas.trafficdemo.Scenario@4f531f73(seed: 1445321694470),1.47-2.55,2.54-6.0,0.70000005,4.0-12.0,100.0,AutonomousDriver,From 0 to 3,58.215935
nl.rug.dmas.trafficdemo.Scenario@57cd6a32(seed: 1445321694471),1.47-2.55,2.54-6.0,0.70000005,4.0-12.0,100.0,HumanDriver,From 1 to 3,41.632732
nl.rug.dmas.trafficdemo.Scenario@53911ec8(seed: 1445321694451),1.47-2.55,2.54-6.0,0.4,4.0-12.0,100.0,AutonomousDriver,From 0 to 3,40.016212
nl.rug.dmas.trafficdemo.Scenario@53911ec8(seed: 1445321694451),1.47-2.55,2.54-6.0,0.4,4.0-12.0,100.0,AutonomousDriver,From 0 to 3,53.899273
nl.rug.dmas.trafficdemo.Scenario@53911ec8(seed: 1445321694451),1.47-2.55,2.54-6.0,0.4,4.0-12.0,100.0,HumanDriver,From 0 to 3,51.865875
nl.rug.dmas.trafficdemo.Scenario@608c3b76(seed: 1445321694467),1.47-2.55,2.54-6.0,0.70000005,4.0-12.0,100.0,AutonomousDriver,From 0 to 3,29.399708
nl.rug.dmas.trafficdemo.Scenario@608c3b76(seed: 1445321694467),1.47-2.55,2.54-6.0,0.70000005,4.0-12.0,100.0,HumanDriver,From 0 to 3,28.966333
nl.rug.dmas.trafficdemo.Scenario@608c3b76(seed: 1445321694467),1.47-2.55,2.54-6.0,0.70000005,4.0-12.0,100.0,HumanDriver,From 0 to 3,29.116283
nl.rug.dmas.trafficdemo.Scenario@608c3b76(seed: 1445321694467),1.47-2.55,2.54-6.0,0.70000005,4.0-12.0,100.0,HumanDriver,From 0 to 3,29.83289
nl.rug.dmas.trafficdemo.Scenario@608c3b76(seed: 1445321694467),1.47-2.55,2.54-6.0,0.70000005,4.0-12.0,100.0,HumanDriver,From 0 to 3,29.816212
nl.rug.dmas.trafficdemo.Scenario@608c3b76(seed: 1445321694467),1.47-2.55,2.54-6.0,0.70000005,4.0-12.0,100.0,AutonomousDriver,From 0 to 3,29.44955
nl.rug.dmas.trafficdemo.Scenario@608c3b76(seed: 1445321694467),1.47-2.55,2.54-6.0,0.70000005,4.0-12.0,100.0,HumanDriver,From 0 to 3,29.366219
nl.rug.dmas.trafficdemo.Scenario@608c3b76(seed: 1445321694467),1.47-2.55,2.54-6.0,0.70000005,4.0-12.0,100.0,HumanDriver,From 0 to 3,29.349552
nl.rug.dmas.trafficdemo.Scenario@608c3b76(seed: 1445321694467),1.47-2.55,2.54-6.0,0.70000005,4.0-12.0,100.0,AutonomousDriver,From 0 to 3,29.232887
nl.rug.dmas.trafficdemo.Scenario@608c3b76(seed: 1445321694467),1.47-2.55,2.54-6.0,0.70000005,4.0-12.0,100.0,AutonomousDriver,From 0 to 3,29.299553
nl.rug.dmas.trafficdemo.Scenario@608c3b76(seed: 1445321694467),1.47-2.55,2.54-6.0,0.70000005,4.0-12.0,100.0,AutonomousDriver,From 0 to 3,29.616215
nl.rug.dmas.trafficdemo.Scenario@575b2f17(seed: 1445321694465),1.47-2.55,2.54-6.0,0.6,4.0-12.0,100.0,HumanDriver,From 0 to 3,28.899715
nl.rug.dmas.trafficdemo.Scenario@575b2f17(seed: 1445321694465),1.47-2.55,2.54-6.0,0.6,4.0-12.0,100.0,HumanDriver,From 0 to 3,29.01636
nl.rug.dmas.trafficdemo.Scenario@575b2f17(seed: 1445321694465),1.47-2.55,2.54-6.0,0.6,4.0-12.0,100.0,HumanDriver,From 0 to 3,29.082996
nl.rug.dmas.trafficdemo.Scenario@575b2f17(seed: 1445321694465),1.47-2.55,2.54-6.0,0.6,4.0-12.0,100.0,HumanDriver,From 0 to 3,29.099615
nl.rug.dmas.trafficdemo.Scenario@3a18c8ca(seed: 1445321694469),1.47-2.55,2.54-6.0,0.70000005,4.0-12.0,100.0,AutonomousDriver,From 0 to 3,29.933033
nl.rug.dmas.trafficdemo.Scenario@3a18c8ca(seed: 1445321694469),1.47-2.55,2.54-6.0,0.70000005,4.0-12.0,100.0,AutonomousDriver,From 0 to 3,30.749647
nl.rug.dmas.trafficdemo.Scenario@4c47e8f3(seed: 1445321694396),1.47-2.55,2.54-6.0,0.0,4.0-12.0,100.0,HumanDriver,From 0 to 3,30.716354
nl.rug.dmas.trafficdemo.Scenario@4c47e8f3(seed: 1445321694396),1.47-2.55,2.54-6.0,0.0,4.0-12.0,100.0,HumanDriver,From 0 to 3,30.64967
nl.rug.dmas.trafficdemo.Scenario@4c47e8f3(seed: 1445321694396),1.47-2.55,2.54-6.0,0.0,4.0-12.0,100.0,HumanDriver,From 1 to 3,35.2328
nl.rug.dmas.trafficdemo.Scenario@4c47e8f3(seed: 1445321694396),1.47-2.55,2.54-6.0,0.0,4.0-12.0,100.0,HumanDriver,From 0 to 3,40.616165
nl.rug.dmas.trafficdemo.Scenario@4c47e8f3(seed: 1445321694396),1.47-2.55,2.54-6.0,0.0,4.0-12.0,100.0,HumanDriver,From 0 to 3,39.982788
nl.rug.dmas.trafficdemo.Scenario@4c47e8f3(seed: 1445321694396),1.47-2.55,2.54-6.0,0.0,4.0-12.0,100.0,HumanDriver,From 0 to 3,39.81608
nl.rug.dmas.trafficdemo.Scenario@4c47e8f3(seed: 1445321694396),1.47-2.55,2.54-6.0,0.0,4.0-12.0,100.0,HumanDriver,From 0 to 3,39.466064
nl.rug.dmas.trafficdemo.Scenario@4c47e8f3(seed: 1445321694396),1.47-2.55,2.54-6.0,0.0,4.0-12.0,100.0,HumanDriver,From 0 to 3,38.93274
nl.rug.dmas.trafficdemo.Scenario@4c47e8f3(seed: 1445321694396),1.47-2.55,2.54-6.0,0.0,4.0-12.0,100.0,HumanDriver,From 0 to 3,38.582745
nl.rug.dmas.trafficdemo.Scenario@4c47e8f3(seed: 1445321694396),1.47-2.55,2.54-6.0,0.0,4.0-12.0,100.0,HumanDriver,From 1 to 3,43.099342
nl.rug.dmas.trafficdemo.Scenario@4c47e8f3(seed: 1445321694396),1.47-2.55,2.54-6.0,0.0,4.0-12.0,100.0,HumanDriver,From 0 to 3,41.266037
nl.rug.dmas.trafficdemo.Scenario@4c47e8f3(seed: 1445321694396),1.47-2.55,2.54-6.0,0.0,4.0-12.0,100.0,HumanDriver,From 0 to 3,40.799377
nl.rug.dmas.trafficdemo.Scenario@4c47e8f3(seed: 1445321694396),1.47-2.55,2.54-6.0,0.0,4.0-12.0,100.0,HumanDriver,From 0 to 3,39.53273
nl.rug.dmas.trafficdemo.Scenario@4c47e8f3(seed: 1445321694396),1.47-2.55,2.54-6.0,0.0,4.0-12.0,100.0,HumanDriver,From 0 to 3,39.082737
nl.rug.dmas.trafficdemo.Scenario@4c47e8f3(seed: 1445321694396),1.47-2.55,2.54-6.0,0.0,4.0-12.0,100.0,HumanDriver,From 0 to 3,38.349415
nl.rug.dmas.trafficdemo.Scenario@4d17535b(seed: 1445321695093),1.47-2.55,2.54-6.0,0.8000001,4.0-12.0,100.0,AutonomousDriver,From 1 to 3,27.21635
nl.rug.dmas.trafficdemo.Scenario@52c54b3b(seed: 1445321694452),1.47-2.55,2.54-6.0,0.4,4.0-12.0,100.0,HumanDriver,From 0 to 3,29.099712
nl.rug.dmas.trafficdemo.Scenario@52c54b3b(seed: 1445321694452),1.47-2.55,2.54-6.0,0.4,4.0-12.0,100.0,AutonomousDriver,From 0 to 3,46.482758
nl.rug.dmas.trafficdemo.Scenario@5c8163c6(seed: 1445321694469),1.47-2.55,2.54-6.0,0.70000005,4.0-12.0,100.0,AutonomousDriver,From 0 to 3,29.933033
nl.rug.dmas.trafficdemo.Scenario@5c8163c6(seed: 1445321694469),1.47-2.55,2.54-6.0,0.70000005,4.0-12.0,100.0,AutonomousDriver,From 0 to 3,30.73298
nl.rug.dmas.trafficdemo.Scenario@558ad183(seed: 1445321694428),1.47-2.55,2.54-6.0,0.3,4.0-12.0,100.0,HumanDriver,From 0 to 3,28.299725
nl.rug.dmas.trafficdemo.Scenario@558ad183(seed: 1445321694428),1.47-2.55,2.54-6.0,0.3,4.0-12.0,100.0,HumanDriver,From 0 to 3,30.36634
nl.rug.dmas.trafficdemo.Scenario@558ad183(seed: 1445321694428),1.47-2.55,2.54-6.0,0.3,4.0-12.0,100.0,HumanDriver,From 0 to 3,29.632986
nl.rug.dmas.trafficdemo.Scenario@558ad183(seed: 1445321694428),1.47-2.55,2.54-6.0,0.3,4.0-12.0,100.0,AutonomousDriver,From 0 to 3,30.282917
nl.rug.dmas.trafficdemo.Scenario@558ad183(seed: 1445321694428),1.47-2.55,2.54-6.0,0.3,4.0-12.0,100.0,AutonomousDriver,From 1 to 3,39.81606
nl.rug.dmas.trafficdemo.Scenario@3e3a2536(seed: 1445321694466),1.47-2.55,2.54-6.0,0.6,4.0-12.0,100.0,AutonomousDriver,From 0 to 3,32.516327
nl.rug.dmas.trafficdemo.Scenario@3e3a2536(seed: 1445321694466),1.47-2.55,2.54-6.0,0.6,4.0-12.0,100.0,AutonomousDriver,From 1 to 3,47.982666
nl.rug.dmas.trafficdemo.Scenario@3e2d015f(seed: 1445321694403),1.47-2.55,2.54-6.0,0.1,4.0-12.0,100.0,HumanDriver,From 1 to 3,28.04961
nl.rug.dmas.trafficdemo.Scenario@3e2d015f(seed: 1445321694403),1.47-2.55,2.54-6.0,0.1,4.0-12.0,100.0,HumanDriver,From 1 to 3,36.69944
nl.rug.dmas.trafficdemo.Scenario@3e2d015f(seed: 1445321694403),1.47-2.55,2.54-6.0,0.1,4.0-12.0,100.0,HumanDriver,From 1 to 3,37.316097
nl.rug.dmas.trafficdemo.Scenario@3e2d015f(seed: 1445321694403),1.47-2.55,2.54-6.0,0.1,4.0-12.0,100.0,HumanDriver,From 1 to 3,37.89942
nl.rug.dmas.trafficdemo.Scenario@1505a8c9(seed: 1445321694424),1.47-2.55,2.54-6.0,0.3,4.0-12.0,100.0,AutonomousDriver,From 1 to 3,32.099583
nl.rug.dmas.trafficdemo.Scenario@1505a8c9(seed: 1445321694424),1.47-2.55,2.54-6.0,0.3,4.0-12.0,100.0,HumanDriver,From 0 to 3,38.099575
nl.rug.dmas.trafficdemo.Scenario@1505a8c9(seed: 1445321694424),1.47-2.55,2.54-6.0,0.3,4.0-12.0,100.0,AutonomousDriver,From 0 to 3,37.182888
nl.rug.dmas.trafficdemo.Scenario@1505a8c9(seed: 1445321694424),1.47-2.55,2.54-6.0,0.3,4.0-12.0,100.0,HumanDriver,From 0 to 3,35.71617
nl.rug.dmas.trafficdemo.Scenario@1505a8c9(seed: 1445321694424),1.47-2.55,2.54-6.0,0.3,4.0-12.0,100.0,HumanDriver,From 1 to 3,45.265976
nl.rug.dmas.trafficdemo.Scenario@6fadc122(seed: 1445321694459),1.47-2.55,2.54-6.0,0.5,4.0-12.0,100.0,AutonomousDriver,From 0 to 3,28.866383
nl.rug.dmas.trafficdemo.Scenario@15a8cf03(seed: 1445321694398),1.47-2.55,2.54-6.0,0.0,4.0-12.0,100.0,HumanDriver,From 0 to 3,31.133015
nl.rug.dmas.trafficdemo.Scenario@15a8cf03(seed: 1445321694398),1.47-2.55,2.54-6.0,0.0,4.0-12.0,100.0,HumanDriver,From 0 to 3,30.133005
nl.rug.dmas.trafficdemo.Scenario@15a8cf03(seed: 1445321694398),1.47-2.55,2.54-6.0,0.0,4.0-12.0,100.0,HumanDriver,From 1 to 3,35.066204
nl.rug.dmas.trafficdemo.Scenario@15a8cf03(seed: 1445321694398),1.47-2.55,2.54-6.0,0.0,4.0-12.0,100.0,HumanDriver,From 0 to 3,43.899433
nl.rug.dmas.trafficdemo.Scenario@79934627(seed: 1445321694410),1.47-2.55,2.54-6.0,0.1,4.0-12.0,100.0,HumanDriver,From 1 to 3,27.699684
nl.rug.dmas.trafficdemo.Scenario@79934627(seed: 1445321694410),1.47-2.55,2.54-6.0,0.1,4.0-12.0,100.0,HumanDriver,From 0 to 3,43.666157
nl.rug.dmas.trafficdemo.Scenario@79934627(seed: 1445321694410),1.47-2.55,2.54-6.0,0.1,4.0-12.0,100.0,HumanDriver,From 0 to 3,42.999477
nl.rug.dmas.trafficdemo.Scenario@79934627(seed: 1445321694410),1.47-2.55,2.54-6.0,0.1,4.0-12.0,100.0,HumanDriver,From 0 to 3,44.132767
nl.rug.dmas.trafficdemo.Scenario@79934627(seed: 1445321694410),1.47-2.55,2.54-6.0,0.1,4.0-12.0,100.0,HumanDriver,From 0 to 3,42.982716
nl.rug.dmas.trafficdemo.Scenario@79934627(seed: 1445321694410),1.47-2.55,2.54-6.0,0.1,4.0-12.0,100.0,HumanDriver,From 1 to 3,44.266037
nl.rug.dmas.trafficdemo.Scenario@79934627(seed: 1445321694410),1.47-2.55,2.54-6.0,0.1,4.0-12.0,100.0,HumanDriver,From 0 to 3,46.13263
nl.rug.dmas.trafficdemo.Scenario@79934627(seed: 1445321694410),1.47-2.55,2.54-6.0,0.1,4.0-12.0,100.0,HumanDriver,From 0 to 3,45.98263
nl.rug.dmas.trafficdemo.Scenario@79934627(seed: 1445321694410),1.47-2.55,2.54-6.0,0.1,4.0-12.0,100.0,HumanDriver,From 0 to 3,45.399307
nl.rug.dmas.trafficdemo.Scenario@d4f2dff(seed: 1445321695089),1.47-2.55,2.54-6.0,0.8000001,4.0-12.0,100.0,AutonomousDriver,From 0 to 3,30.299694
nl.rug.dmas.trafficdemo.Scenario@c743b0f(seed: 1445321694400),1.47-2.55,2.54-6.0,0.1,4.0-12.0,100.0,HumanDriver,From 0 to 3,29.8997
nl.rug.dmas.trafficdemo.Scenario@c743b0f(seed: 1445321694400),1.47-2.55,2.54-6.0,0.1,4.0-12.0,100.0,HumanDriver,From 1 to 3,30.532906
nl.rug.dmas.trafficdemo.Scenario@c743b0f(seed: 1445321694400),1.47-2.55,2.54-6.0,0.1,4.0-12.0,100.0,HumanDriver,From 1 to 3,33.16624
nl.rug.dmas.trafficdemo.Scenario@c743b0f(seed: 1445321694400),1.47-2.55,2.54-6.0,0.1,4.0-12.0,100.0,HumanDriver,From 0 to 3,37.482883
nl.rug.dmas.trafficdemo.Scenario@c743b0f(seed: 1445321694400),1.47-2.55,2.54-6.0,0.1,4.0-12.0,100.0,HumanDriver,From 0 to 3,37.882828
nl.rug.dmas.trafficdemo.Scenario@c743b0f(seed: 1445321694400),1.47-2.55,2.54-6.0,0.1,4.0-12.0,100.0,HumanDriver,From 1 to 3,38.632744
nl.rug.dmas.trafficdemo.Scenario@c743b0f(seed: 1445321694400),1.47-2.55,2.54-6.0,0.1,4.0-12.0,100.0,HumanDriver,From 0 to 3,46.03266
nl.rug.dmas.trafficdemo.Scenario@1bf4ba0d(seed: 1445321695097),1.47-2.55,2.54-6.0,0.9000001,4.0-12.0,100.0,HumanDriver,From 0 to 3,29.399708
nl.rug.dmas.trafficdemo.Scenario@5845807a(seed: 1445321694404),1.47-2.55,2.54-6.0,0.1,4.0-12.0,100.0,HumanDriver,From 0 to 3,30.499691
nl.rug.dmas.trafficdemo.Scenario@5845807a(seed: 1445321694404),1.47-2.55,2.54-6.0,0.1,4.0-12.0,100.0,HumanDriver,From 1 to 3,32.2996
nl.rug.dmas.trafficdemo.Scenario@5845807a(seed: 1445321694404),1.47-2.55,2.54-6.0,0.1,4.0-12.0,100.0,HumanDriver,From 1 to 3,50.73256
nl.rug.dmas.trafficdemo.Scenario@c907ff(seed: 1445321694412),1.47-2.55,2.54-6.0,0.2,4.0-12.0,100.0,HumanDriver,From 0 to 3,31.099682
nl.rug.dmas.trafficdemo.Scenario@c907ff(seed: 1445321694412),1.47-2.55,2.54-6.0,0.2,4.0-12.0,100.0,HumanDriver,From 0 to 3,30.166328
nl.rug.dmas.trafficdemo.Scenario@c907ff(seed: 1445321694412),1.47-2.55,2.54-6.0,0.2,4.0-12.0,100.0,HumanDriver,From 1 to 3,37.149452
nl.rug.dmas.trafficdemo.Scenario@c907ff(seed: 1445321694412),1.47-2.55,2.54-6.0,0.2,4.0-12.0,100.0,HumanDriver,From 1 to 3,40.54938
nl.rug.dmas.trafficdemo.Scenario@c907ff(seed: 1445321694412),1.47-2.55,2.54-6.0,0.2,4.0-12.0,100.0,HumanDriver,From 0 to 3,46.616035
nl.rug.dmas.trafficdemo.Scenario@c907ff(seed: 1445321694412),1.47-2.55,2.54-6.0,0.2,4.0-12.0,100.0,HumanDriver,From 0 to 3,45.732643
nl.rug.dmas.trafficdemo.Scenario@c907ff(seed: 1445321694412),1.47-2.55,2.54-6.0,0.2,4.0-12.0,100.0,HumanDriver,From 0 to 3,44.215992
nl.rug.dmas.trafficdemo.Scenario@c907ff(seed: 1445321694412),1.47-2.55,2.54-6.0,0.2,4.0-12.0,100.0,HumanDriver,From 0 to 3,44.49932
nl.rug.dmas.trafficdemo.Scenario@620369bb(seed: 1445321694415),1.47-2.55,2.54-6.0,0.2,4.0-12.0,100.0,HumanDriver,From 0 to 3,30.616356
nl.rug.dmas.trafficdemo.Scenario@620369bb(seed: 1445321694415),1.47-2.55,2.54-6.0,0.2,4.0-12.0,100.0,HumanDriver,From 1 to 3,27.532932
nl.rug.dmas.trafficdemo.Scenario@620369bb(seed: 1445321694415),1.47-2.55,2.54-6.0,0.2,4.0-12.0,100.0,HumanDriver,From 0 to 3,32.382957
nl.rug.dmas.trafficdemo.Scenario@620369bb(seed: 1445321694415),1.47-2.55,2.54-6.0,0.2,4.0-12.0,100.0,HumanDriver,From 1 to 3,31.249523
nl.rug.dmas.trafficdemo.Scenario@620369bb(seed: 1445321694415),1.47-2.55,2.54-6.0,0.2,4.0-12.0,100.0,AutonomousDriver,From 0 to 3,49.999294
nl.rug.dmas.trafficdemo.Scenario@46b93db1(seed: 1445321694386),1.47-2.55,2.54-6.0,0.0,4.0-12.0,100.0,HumanDriver,From 0 to 3,30.399693
nl.rug.dmas.trafficdemo.Scenario@46b93db1(seed: 1445321694386),1.47-2.55,2.54-6.0,0.0,4.0-12.0,100.0,HumanDriver,From 0 to 3,29.833002
nl.rug.dmas.trafficdemo.Scenario@46b93db1(seed: 1445321694386),1.47-2.55,2.54-6.0,0.0,4.0-12.0,100.0,HumanDriver,From 0 to 3,29.199642
nl.rug.dmas.trafficdemo.Scenario@46b93db1(seed: 1445321694386),1.47-2.55,2.54-6.0,0.0,4.0-12.0,100.0,HumanDriver,From 1 to 3,30.899567
nl.rug.dmas.trafficdemo.Scenario@46b93db1(seed: 1445321694386),1.47-2.55,2.54-6.0,0.0,4.0-12.0,100.0,HumanDriver,From 0 to 3,35.06617
nl.rug.dmas.trafficdemo.Scenario@46b93db1(seed: 1445321694386),1.47-2.55,2.54-6.0,0.0,4.0-12.0,100.0,HumanDriver,From 1 to 3,33.249493
nl.rug.dmas.trafficdemo.Scenario@46b93db1(seed: 1445321694386),1.47-2.55,2.54-6.0,0.0,4.0-12.0,100.0,HumanDriver,From 1 to 3,35.199463
nl.rug.dmas.trafficdemo.Scenario@46b93db1(seed: 1445321694386),1.47-2.55,2.54-6.0,0.0,4.0-12.0,100.0,HumanDriver,From 0 to 3,42.91601
nl.rug.dmas.trafficdemo.Scenario@46b93db1(seed: 1445321694386),1.47-2.55,2.54-6.0,0.0,4.0-12.0,100.0,HumanDriver,From 1 to 3,35.63279
nl.rug.dmas.trafficdemo.Scenario@46b93db1(seed: 1445321694386),1.47-2.55,2.54-6.0,0.0,4.0-12.0,100.0,HumanDriver,From 0 to 3,42.866013
nl.rug.dmas.trafficdemo.Scenario@46b93db1(seed: 1445321694386),1.47-2.55,2.54-6.0,0.0,4.0-12.0,100.0,HumanDriver,From 0 to 3,40.666046
nl.rug.dmas.trafficdemo.Scenario@46b93db1(seed: 1445321694386),1.47-2.55,2.54-6.0,0.0,4.0-12.0,100.0,HumanDriver,From 0 to 3,40.18272
nl.rug.dmas.trafficdemo.Scenario@1a4d0923(seed: 1445321695088),1.47-2.55,2.54-6.0,0.8000001,4.0-12.0,100.0,AutonomousDriver,From 0 to 3,28.899715
nl.rug.dmas.trafficdemo.Scenario@1a4d0923(seed: 1445321695088),1.47-2.55,2.54-6.0,0.8000001,4.0-12.0,100.0,AutonomousDriver,From 0 to 3,28.83301
nl.rug.dmas.trafficdemo.Scenario@1a4d0923(seed: 1445321695088),1.47-2.55,2.54-6.0,0.8000001,4.0-12.0,100.0,AutonomousDriver,From 0 to 3,29.666254
nl.rug.dmas.trafficdemo.Scenario@1a4d0923(seed: 1445321695088),1.47-2.55,2.54-6.0,0.8000001,4.0-12.0,100.0,AutonomousDriver,From 0 to 3,29.466217
nl.rug.dmas.trafficdemo.Scenario@1a4d0923(seed: 1445321695088),1.47-2.55,2.54-6.0,0.8000001,4.0-12.0,100.0,AutonomousDriver,From 0 to 3,29.149555
nl.rug.dmas.trafficdemo.Scenario@1a4d0923(seed: 1445321695088),1.47-2.55,2.54-6.0,0.8000001,4.0-12.0,100.0,AutonomousDriver,From 0 to 3,29.382885
nl.rug.dmas.trafficdemo.Scenario@1a4d0923(seed: 1445321695088),1.47-2.55,2.54-6.0,0.8000001,4.0-12.0,100.0,AutonomousDriver,From 0 to 3,29.149555
nl.rug.dmas.trafficdemo.Scenario@1a4d0923(seed: 1445321695088),1.47-2.55,2.54-6.0,0.8000001,4.0-12.0,100.0,AutonomousDriver,From 0 to 3,28.982891
nl.rug.dmas.trafficdemo.Scenario@1a4d0923(seed: 1445321695088),1.47-2.55,2.54-6.0,0.8000001,4.0-12.0,100.0,AutonomousDriver,From 0 to 3,29.566216
nl.rug.dmas.trafficdemo.Scenario@1a4d0923(seed: 1445321695088),1.47-2.55,2.54-6.0,0.8000001,4.0-12.0,100.0,HumanDriver,From 0 to 3,29.482883
nl.rug.dmas.trafficdemo.Scenario@892949f(seed: 1445321694453),1.47-2.55,2.54-6.0,0.4,4.0-12.0,100.0,HumanDriver,From 0 to 3,29.649704
nl.rug.dmas.trafficdemo.Scenario@892949f(seed: 1445321694453),1.47-2.55,2.54-6.0,0.4,4.0-12.0,100.0,HumanDriver,From 1 to 3,25.782959
nl.rug.dmas.trafficdemo.Scenario@892949f(seed: 1445321694453),1.47-2.55,2.54-6.0,0.4,4.0-12.0,100.0,HumanDriver,From 0 to 3,36.09958
nl.rug.dmas.trafficdemo.Scenario@892949f(seed: 1445321694453),1.47-2.55,2.54-6.0,0.4,4.0-12.0,100.0,HumanDriver,From 1 to 3,30.032875
nl.rug.dmas.trafficdemo.Scenario@892949f(seed: 1445321694453),1.47-2.55,2.54-6.0,0.4,4.0-12.0,100.0,HumanDriver,From 1 to 3,29.132889
nl.rug.dmas.trafficdemo.Scenario@892949f(seed: 1445321694453),1.47-2.55,2.54-6.0,0.4,4.0-12.0,100.0,AutonomousDriver,From 1 to 3,37.349545
nl.rug.dmas.trafficdemo.Scenario@3ff72465(seed: 1445321694449),1.47-2.55,2.54-6.0,0.4,4.0-12.0,100.0,AutonomousDriver,From 1 to 3,27.04971
nl.rug.dmas.trafficdemo.Scenario@3ff72465(seed: 1445321694449),1.47-2.55,2.54-6.0,0.4,4.0-12.0,100.0,HumanDriver,From 0 to 3,30.249695
nl.rug.dmas.trafficdemo.Scenario@656a6512(seed: 1445321694461),1.47-2.55,2.54-6.0,0.6,4.0-12.0,100.0,AutonomousDriver,From 0 to 3,28.733051
nl.rug.dmas.trafficdemo.Scenario@3e724328(seed: 1445321694462),1.47-2.55,2.54-6.0,0.6,4.0-12.0,100.0,AutonomousDriver,From 1 to 3,39.699486
nl.rug.dmas.trafficdemo.Scenario@3e724328(seed: 1445321694462),1.47-2.55,2.54-6.0,0.6,4.0-12.0,100.0,AutonomousDriver,From 0 to 3,44.71614
nl.rug.dmas.trafficdemo.Scenario@3e724328(seed: 1445321694462),1.47-2.55,2.54-6.0,0.6,4.0-12.0,100.0,HumanDriver,From 1 to 3,43.816006
nl.rug.dmas.trafficdemo.Scenario@3e724328(seed: 1445321694462),1.47-2.55,2.54-6.0,0.6,4.0-12.0,100.0,AutonomousDriver,From 0 to 3,50.082684
nl.rug.dmas.trafficdemo.Scenario@3e724328(seed: 1445321694462),1.47-2.55,2.54-6.0,0.6,4.0-12.0,100.0,HumanDriver,From 1 to 3,45.782635
nl.rug.dmas.trafficdemo.Scenario@7b0277cd(seed: 1445321694414),1.47-2.55,2.54-6.0,0.2,4.0-12.0,100.0,HumanDriver,From 0 to 3,29.933033
nl.rug.dmas.trafficdemo.Scenario@7b0277cd(seed: 1445321694414),1.47-2.55,2.54-6.0,0.2,4.0-12.0,100.0,HumanDriver,From 0 to 3,29.33301
nl.rug.dmas.trafficdemo.Scenario@7b0277cd(seed: 1445321694414),1.47-2.55,2.54-6.0,0.2,4.0-12.0,100.0,HumanDriver,From 0 to 3,28.966303
nl.rug.dmas.trafficdemo.Scenario@7b0277cd(seed: 1445321694414),1.47-2.55,2.54-6.0,0.2,4.0-12.0,100.0,HumanDriver,From 0 to 3,28.716259
nl.rug.dmas.trafficdemo.Scenario@7b0277cd(seed: 1445321694414),1.47-2.55,2.54-6.0,0.2,4.0-12.0,100.0,AutonomousDriver,From 1 to 3,42.51613
nl.rug.dmas.trafficdemo.Scenario@ab5df86(seed: 1445321694455),1.47-2.55,2.54-6.0,0.5,4.0-12.0,100.0,AutonomousDriver,From 0 to 3,49.399403
nl.rug.dmas.trafficdemo.Scenario@ab5df86(seed: 1445321694455),1.47-2.55,2.54-6.0,0.5,4.0-12.0,100.0,AutonomousDriver,From 1 to 3,49.1327
nl.rug.dmas.trafficdemo.Scenario@ab5df86(seed: 1445321694455),1.47-2.55,2.54-6.0,0.5,4.0-12.0,100.0,HumanDriver,From 0 to 3,49.682686
nl.rug.dmas.trafficdemo.Scenario@ab5df86(seed: 1445321694455),1.47-2.55,2.54-6.0,0.5,4.0-12.0,100.0,AutonomousDriver,From 0 to 3,48.91598
nl.rug.dmas.trafficdemo.Scenario@ab5df86(seed: 1445321694455),1.47-2.55,2.54-6.0,0.5,4.0-12.0,100.0,HumanDriver,From 0 to 3,49.582577
nl.rug.dmas.trafficdemo.Scenario@ab5df86(seed: 1445321694455),1.47-2.55,2.54-6.0,0.5,4.0-12.0,100.0,AutonomousDriver,From 0 to 3,48.83259
nl.rug.dmas.trafficdemo.Scenario@6854be84(seed: 1445321694413),1.47-2.55,2.54-6.0,0.2,4.0-12.0,100.0,HumanDriver,From 1 to 3,28.499657
nl.rug.dmas.trafficdemo.Scenario@6854be84(seed: 1445321694413),1.47-2.55,2.54-6.0,0.2,4.0-12.0,100.0,HumanDriver,From 0 to 3,33.01632
nl.rug.dmas.trafficdemo.Scenario@6854be84(seed: 1445321694413),1.47-2.55,2.54-6.0,0.2,4.0-12.0,100.0,HumanDriver,From 0 to 3,34.33294
nl.rug.dmas.trafficdemo.Scenario@5487217(seed: 1445321694456),1.47-2.55,2.54-6.0,0.5,4.0-12.0,100.0,HumanDriver,From 0 to 3,29.816368
nl.rug.dmas.trafficdemo.Scenario@5487217(seed: 1445321694456),1.47-2.55,2.54-6.0,0.5,4.0-12.0,100.0,HumanDriver,From 0 to 3,29.949675
nl.rug.dmas.trafficdemo.Scenario@5487217(seed: 1445321694456),1.47-2.55,2.54-6.0,0.5,4.0-12.0,100.0,AutonomousDriver,From 1 to 3,36.04951
nl.rug.dmas.trafficdemo.Scenario@2a615f19(seed: 1445321694417),1.47-2.55,2.54-6.0,0.2,4.0-12.0,100.0,HumanDriver,From 0 to 3,34.699627
nl.rug.dmas.trafficdemo.Scenario@2a615f19(seed: 1445321694417),1.47-2.55,2.54-6.0,0.2,4.0-12.0,100.0,HumanDriver,From 0 to 3,33.349606
nl.rug.dmas.trafficdemo.Scenario@2a615f19(seed: 1445321694417),1.47-2.55,2.54-6.0,0.2,4.0-12.0,100.0,HumanDriver,From 0 to 3,33.266243
nl.rug.dmas.trafficdemo.Scenario@2a615f19(seed: 1445321694417),1.47-2.55,2.54-6.0,0.2,4.0-12.0,100.0,HumanDriver,From 1 to 3,33.216187
nl.rug.dmas.trafficdemo.Scenario@2a615f19(seed: 1445321694417),1.47-2.55,2.54-6.0,0.2,4.0-12.0,100.0,HumanDriver,From 1 to 3,34.816135
nl.rug.dmas.trafficdemo.Scenario@2a615f19(seed: 1445321694417),1.47-2.55,2.54-6.0,0.2,4.0-12.0,100.0,HumanDriver,From 0 to 3,38.516113
nl.rug.dmas.trafficdemo.Scenario@2a615f19(seed: 1445321694417),1.47-2.55,2.54-6.0,0.2,4.0-12.0,100.0,HumanDriver,From 0 to 3,38.83274
nl.rug.dmas.trafficdemo.Scenario@2a615f19(seed: 1445321694417),1.47-2.55,2.54-6.0,0.2,4.0-12.0,100.0,HumanDriver,From 0 to 3,39.082737
nl.rug.dmas.trafficdemo.Scenario@2a615f19(seed: 1445321694417),1.47-2.55,2.54-6.0,0.2,4.0-12.0,100.0,HumanDriver,From 0 to 3,38.23275
nl.rug.dmas.trafficdemo.Scenario@2a615f19(seed: 1445321694417),1.47-2.55,2.54-6.0,0.2,4.0-12.0,100.0,HumanDriver,From 0 to 3,37.81609
nl.rug.dmas.trafficdemo.Scenario@2a615f19(seed: 1445321694417),1.47-2.55,2.54-6.0,0.2,4.0-12.0,100.0,HumanDriver,From 0 to 3,37.516094
nl.rug.dmas.trafficdemo.Scenario@2a615f19(seed: 1445321694417),1.47-2.55,2.54-6.0,0.2,4.0-12.0,100.0,HumanDriver,From 0 to 3,37.499428
nl.rug.dmas.trafficdemo.Scenario@7633910a(seed: 1445321694426),1.47-2.55,2.54-6.0,0.3,4.0-12.0,100.0,AutonomousDriver,From 0 to 3,34.849625
nl.rug.dmas.trafficdemo.Scenario@7633910a(seed: 1445321694426),1.47-2.55,2.54-6.0,0.3,4.0-12.0,100.0,AutonomousDriver,From 1 to 3,43.566044
nl.rug.dmas.trafficdemo.Scenario@7621c3b0(seed: 1445321694411),1.47-2.55,2.54-6.0,0.1,4.0-12.0,100.0,HumanDriver,From 0 to 3,30.816353
nl.rug.dmas.trafficdemo.Scenario@7621c3b0(seed: 1445321694411),1.47-2.55,2.54-6.0,0.1,4.0-12.0,100.0,HumanDriver,From 0 to 3,29.26634
nl.rug.dmas.trafficdemo.Scenario@7621c3b0(seed: 1445321694411),1.47-2.55,2.54-6.0,0.1,4.0-12.0,100.0,HumanDriver,From 0 to 3,29.666286
nl.rug.dmas.trafficdemo.Scenario@7621c3b0(seed: 1445321694411),1.47-2.55,2.54-6.0,0.1,4.0-12.0,100.0,HumanDriver,From 0 to 3,29.266232
nl.rug.dmas.trafficdemo.Scenario@7621c3b0(seed: 1445321694411),1.47-2.55,2.54-6.0,0.1,4.0-12.0,100.0,HumanDriver,From 0 to 3,28.79956
nl.rug.dmas.trafficdemo.Scenario@7621c3b0(seed: 1445321694411),1.47-2.55,2.54-6.0,0.1,4.0-12.0,100.0,HumanDriver,From 0 to 3,29.366219
nl.rug.dmas.trafficdemo.Scenario@7621c3b0(seed: 1445321694411),1.47-2.55,2.54-6.0,0.1,4.0-12.0,100.0,HumanDriver,From 0 to 3,29.73288
nl.rug.dmas.trafficdemo.Scenario@7621c3b0(seed: 1445321694411),1.47-2.55,2.54-6.0,0.1,4.0-12.0,100.0,HumanDriver,From 0 to 3,29.132889
nl.rug.dmas.trafficdemo.Scenario@7621c3b0(seed: 1445321694411),1.47-2.55,2.54-6.0,0.1,4.0-12.0,100.0,HumanDriver,From 0 to 3,28.982891
nl.rug.dmas.trafficdemo.Scenario@7621c3b0(seed: 1445321694411),1.47-2.55,2.54-6.0,0.1,4.0-12.0,100.0,HumanDriver,From 0 to 3,29.466217
nl.rug.dmas.trafficdemo.Scenario@7621c3b0(seed: 1445321694411),1.47-2.55,2.54-6.0,0.1,4.0-12.0,100.0,HumanDriver,From 0 to 3,29.016224
nl.rug.dmas.trafficdemo.Scenario@7621c3b0(seed: 1445321694411),1.47-2.55,2.54-6.0,0.1,4.0-12.0,100.0,HumanDriver,From 0 to 3,29.616215
nl.rug.dmas.trafficdemo.Scenario@7621c3b0(seed: 1445321694411),1.47-2.55,2.54-6.0,0.1,4.0-12.0,100.0,HumanDriver,From 0 to 3,28.816227
nl.rug.dmas.trafficdemo.Scenario@2b27acc3(seed: 1445321694402),1.47-2.55,2.54-6.0,0.1,4.0-12.0,100.0,HumanDriver,From 1 to 3,41.966072
nl.rug.dmas.trafficdemo.Scenario@2b27acc3(seed: 1445321694402),1.47-2.55,2.54-6.0,0.1,4.0-12.0,100.0,HumanDriver,From 1 to 3,46.066055
nl.rug.dmas.trafficdemo.Scenario@2b27acc3(seed: 1445321694402),1.47-2.55,2.54-6.0,0.1,4.0-12.0,100.0,HumanDriver,From 0 to 3,50.749382
nl.rug.dmas.trafficdemo.Scenario@2b27acc3(seed: 1445321694402),1.47-2.55,2.54-6.0,0.1,4.0-12.0,100.0,HumanDriver,From 0 to 3,50.816025
nl.rug.dmas.trafficdemo.Scenario@2b27acc3(seed: 1445321694402),1.47-2.55,2.54-6.0,0.1,4.0-12.0,100.0,HumanDriver,From 0 to 3,49.915993
nl.rug.dmas.trafficdemo.Scenario@447eae5a(seed: 1445321694466),1.47-2.55,2.54-6.0,0.70000005,4.0-12.0,100.0,AutonomousDriver,From 0 to 3,41.816185
nl.rug.dmas.trafficdemo.Scenario@447eae5a(seed: 1445321694466),1.47-2.55,2.54-6.0,0.70000005,4.0-12.0,100.0,HumanDriver,From 0 to 3,54.89927
nl.rug.dmas.trafficdemo.Scenario@53ecbfc(seed: 1445321694459),1.47-2.55,2.54-6.0,0.5,4.0-12.0,100.0,HumanDriver,From 0 to 3,29.966366
nl.rug.dmas.trafficdemo.Scenario@53ecbfc(seed: 1445321694459),1.47-2.55,2.54-6.0,0.5,4.0-12.0,100.0,HumanDriver,From 0 to 3,29.116344
nl.rug.dmas.trafficdemo.Scenario@53ecbfc(seed: 1445321694459),1.47-2.55,2.54-6.0,0.5,4.0-12.0,100.0,HumanDriver,From 0 to 3,30.1663
nl.rug.dmas.trafficdemo.Scenario@53ecbfc(seed: 1445321694459),1.47-2.55,2.54-6.0,0.5,4.0-12.0,100.0,HumanDriver,From 0 to 3,29.249575
nl.rug.dmas.trafficdemo.Scenario@53ecbfc(seed: 1445321694459),1.47-2.55,2.54-6.0,0.5,4.0-12.0,100.0,AutonomousDriver,From 0 to 3,29.08289
nl.rug.dmas.trafficdemo.Scenario@53ecbfc(seed: 1445321694459),1.47-2.55,2.54-6.0,0.5,4.0-12.0,100.0,AutonomousDriver,From 1 to 3,42.616028
nl.rug.dmas.trafficdemo.Scenario@17368db(seed: 1445321694448),1.47-2.55,2.54-6.0,0.3,4.0-12.0,100.0,HumanDriver,From 0 to 3,29.099712
nl.rug.dmas.trafficdemo.Scenario@17368db(seed: 1445321694448),1.47-2.55,2.54-6.0,0.3,4.0-12.0,100.0,AutonomousDriver,From 0 to 3,29.083021
nl.rug.dmas.trafficdemo.Scenario@17368db(seed: 1445321694448),1.47-2.55,2.54-6.0,0.3,4.0-12.0,100.0,AutonomousDriver,From 1 to 3,29.81627
nl.rug.dmas.trafficdemo.Scenario@17368db(seed: 1445321694448),1.47-2.55,2.54-6.0,0.3,4.0-12.0,100.0,AutonomousDriver,From 1 to 3,29.399551
nl.rug.dmas.trafficdemo.Scenario@17368db(seed: 1445321694448),1.47-2.55,2.54-6.0,0.3,4.0-12.0,100.0,HumanDriver,From 0 to 3,34.649536
nl.rug.dmas.trafficdemo.Scenario@17368db(seed: 1445321694448),1.47-2.55,2.54-6.0,0.3,4.0-12.0,100.0,HumanDriver,From 0 to 3,33.166164
nl.rug.dmas.trafficdemo.Scenario@17368db(seed: 1445321694448),1.47-2.55,2.54-6.0,0.3,4.0-12.0,100.0,AutonomousDriver,From 0 to 3,33.58282
nl.rug.dmas.trafficdemo.Scenario@17368db(seed: 1445321694448),1.47-2.55,2.54-6.0,0.3,4.0-12.0,100.0,AutonomousDriver,From 1 to 3,38.149418
nl.rug.dmas.trafficdemo.Scenario@17368db(seed: 1445321694448),1.47-2.55,2.54-6.0,0.3,4.0-12.0,100.0,HumanDriver,From 0 to 3,46.64929
